{"error": 1900, "user_width": 2, "user_height": 2, "weight1": [[-0.8277832187529356, -0.7605450045414329, 0.5515907421262046], [-0.6352302849725981, -0.34895261499460406, 0.28356628272641987], [-1.5282320780258931, -0.35982951619369546, 0.49010050935083965], [0.2924010840228443, 0.07350538540695042, 0.7253079554899274], [-0.4929969979070862, -0.04676423547959387, -0.04229909932454778], [0.15311896614761794, -0.29231435126993943, -0.38181567070672207], [-0.7466690215930634, -0.9793957393001317, 0.342470963466444], [-0.4906224571835146, 0.29627420552242356, 0.005158665427603526], [-1.2079649613831633, -0.08160790584549617, 0.8155461553127689], [-0.2507654357112581, 0.035068752486508675, 0.6809761331285443], [-1.0984161177502605, -0.3663430497686877, 1.2583837251462608], [-0.028329948682978983, 0.33602675325453774, -0.3080533868879771]], "weight2": [[0.09342606363562918, -0.20492578224743033, -0.34267391884675114, 0.1601582402968251, -0.19619385776322884, -0.3178864572372909, 0.18725807497070784, -0.16726222998719603, -0.3057803418502799, 0.22537389590957313, -0.11464541623529911, -0.20721270061096125], [-0.8959487977981342, -0.06551195238250607, -0.34070134831388266, -0.38650871928002617, 0.009329840914212106, -0.13027002300239546, -0.15163117534826764, 0.2533517023194657, -0.017010419893452953, 0.12650177749770458, 0.6087802858260373, 0.6940559663673299], [-0.13551410184120607, -0.1290286984145216, -0.49978118531017357, 0.2574537180381648, -0.07211002385247978, -0.34106900151295244, 0.4332013314440863, 0.11199711202434083, -0.2571651795755522, 0.6458205559516598, 0.3914888829407417, 0.29511112567443054]]}