{"error": 9000, "user_width": 4, "user_height": 4, "weight1": [[0.8490011323177984, 0.47294504483805766, 0.008065255961653216], [-0.38111311376805246, 1.044501532569904, -0.04878590780020761], [-0.39411043242093907, -0.22273221290234718, -0.8534812298368235], [0.33534306415101234, -0.12816250682393288, -0.5949751609470002], [-0.032357516631728526, 0.3736503985628162, -0.6771901522657514], [-0.5397733027841073, 0.8998937613633597, -0.6116764252614337], [0.18372280910882124, 0.7990938291786442, 0.2191552293269527], [0.4541894315078777, 1.0707731015263153, 0.24771377133943165], [0.6511547777421665, 0.2357044147734931, 0.09818932834567812], [0.030379281356825116, 1.1826048885078055, -0.01426690054489365], [0.340875552430183, 0.017667126532359276, 0.20775923645987154], [1.0160396064096917, 0.994382080855824, -0.6977620305381036], [-0.16943140194038642, 0.6496856275476578, -0.5391168090567925], [-0.21873550825401616, 0.9619455074450132, -0.5244365947523607], [-0.7224910917193701, 0.10731277090802131, -1.1782717824320152], [-0.2822655350203009, 0.21794619302106738, -0.16485988964322412], [0.9723124003155025, -0.30420562598680007, -0.3238657342027575], [-0.15556482487012732, 1.4595261618504876, -0.2399500536773461], [-0.18706333299383493, 0.041938227226822104, 0.48255670868853934], [-0.3784871374375711, -0.08579692598508225, -0.6519037052172122], [0.9722446515381357, 0.9920275461073246, 0.27316631921657497], [0.6721684240921402, 0.2610197955777812, -0.24773172692240908], [-0.7840597921915461, 0.8911030304958644, 0.49222766186544864], [0.8446812618679824, 0.7461889544188275, -1.083647816732879], [0.17329680890698318, 0.22467899606251146, 0.04024546133936953], [-0.29521159352448173, -0.18697890457800032, -0.81055504023708], [-0.14694953344300585, 1.3556744311286206, -0.0560438678009182], [-0.00021387972151872315, 1.3756122636265844, -1.072355610356289], [0.2828833998840895, 1.4306506218995023, -0.7618242896731818], [0.27563125183234355, -0.110799412444681, -0.36767754877725406], [-0.6957180339109887, 0.7594672276104174, -0.8910481091896988], [0.84522952086593, -0.3301709833742359, 0.6614678797379016], [-0.024040652581765642, 1.027019518987498, 0.6606985936838115], [-0.5999115281073775, 1.2130642515184378, -0.5660401068193485], [0.1028823214120909, -0.03679356948701454, 0.25753631069545674], [0.8525020388173808, 0.7468577728024803, -0.8044720399091498], [-0.41459422014698094, 0.12873162061239665, 0.06369368689655812], [0.4513541964357092, 0.15825492772500227, -0.1579555865867604], [-0.3668793645264218, -0.04765755270240619, -0.8767160788440339], [0.47357363835476446, -0.31858871908826414, -0.7925789188935866], [-0.484682921183553, 0.6113332741001652, 0.330406951292927], [0.2552762629142701, 0.1888504261879176, -0.7657678495428487], [0.7804051797578718, 0.4185965983354996, -0.44006655343552026], [-0.3188841515882233, 1.3171197960165675, -0.1563650280304568], [0.5844598428761825, 0.2526182623049181, 0.3348366171779342], [0.17168117717014533, 0.8493380670086209, 0.44458836190472134], [-0.6592845249802753, 0.9860484128455076, -1.0061923769870398], [0.07764239445756094, -0.3983535254103392, -0.1901129162711208]], "weight2": [[0.22361834810782932, 0.26634665467775215, 0.09784836543949448, 0.32347405034165716, 0.4752455036587177, 0.4847442565484809, 0.24879013008278772, 0.16364537000307927, -0.12063191133240171, -0.10146432724920303, 0.22352685010586745, -0.013987111619042968, -0.3103401994259017, 0.41905185963581076, 0.30950500502445594, 0.4434227280505931, 0.626208047794684, -0.3726661548341091, 0.04004749840796948, 0.2360776229390161, -0.08450788321864909, 0.06422244894974358, -0.13848997703875807, 0.07702234049596547, 0.4742235714188054, -0.20859234678035427, -0.1561247991042591, -0.26556928233787025, -0.2568460625205826, 0.48185241963278475, -0.04767630916736392, 0.44707843428655836, 0.11482096853731265, -0.2201857705169919, -0.22344586557881152, -0.0007375742220240148, -0.08992763051471146, -0.33352021261013837, 0.4927115345392393, 0.21844614370170642, 0.2948720308620529, 0.12764152188318167, 0.20688041089637105, -0.15987786113188454, 0.4523351774891098, -0.2802426064813423, -0.041318591427117746, -0.1551985214734117], [0.027835081205211495, 0.15193113111506099, -0.14886040543009788, -0.25516028878628677, -0.12236527292341692, -0.12217531123356885, 0.21795508700697383, -0.012987468610059186, 0.16713084741434925, 0.23862586694202348, -0.07241331506804344, 0.19071063651271555, 0.4478151400288569, 0.13182871295694054, -0.09080188892416491, -0.0424956614374346, -0.09653963352924134, 0.4366033517333099, 0.16676800783524173, 0.12456254447613892, 0.11858039914626677, 0.16235320256758265, 0.24973847206000516, -0.126901025055804, 0.01030728724442461, 0.20494512121077524, 0.16683592592853885, 0.12429499992998115, 0.09196016821547269, -0.03456460792903553, -0.12129704987478675, -0.12229063938518621, -0.09119963317588217, 0.24061061796342778, 0.17117986671614782, 0.21011131648597392, 0.14083420859917112, 0.07545197977255307, -0.13553863652455833, -0.004079253322627654, -0.03015449385820967, -0.22332543072283428, -0.2441957464929417, 0.03936392984104339, 0.006832247442320372, 0.27328611031533145, -0.0474808201693417, 0.21464691615003037], [0.0489711552084412, 0.29797715416785137, -0.30914131688393937, -0.4395095705389638, -0.1382418291779916, -0.13419083990682854, 0.40174307284662486, -0.0427484328450616, 0.19404586999591608, 0.3219979019040304, -0.1334108555351439, 0.27119057611424696, 0.6354193308556646, 0.3050131954261422, -0.13911382572890443, -0.015096490468595758, -0.04605862078764614, 0.6016011013387782, 0.23458835692676933, 0.2297846394601499, 0.11317116610646526, 0.23422691164983195, 0.33504104386813505, -0.28395159105970197, 0.09132785822896776, 0.22975464316005734, 0.1777783218260917, 0.056190581391462005, 0.007379422199728025, 0.020649127339648687, -0.32051820105549433, -0.15076815836634022, -0.20333035897429205, 0.2882829181352902, 0.1672825213096753, 0.31307366078673643, 0.1505976958364268, -0.04278197610350359, -0.1554837095590433, -0.010727666174550786, -0.026096874539843065, -0.43545059229829375, -0.45266601768628895, -0.047090768385655096, 0.09661098390881527, 0.3376914858921031, -0.16489037747083626, 0.2787930222496832]]}